"term","freq"
"one of the",89
"a lot of",88
"thanks for the",87
"to be a",68
"going to be",57
"i want to",55
"it was a",46
"out of the",46
"i have to",44
"i need to",42
"be able to",41
"the end of",41
"can't wait to",39
"i have a",39
"looking forward to",38
"of the day",38
"some of the",37
"thank you for",37
"the first time",35
"a couple of",34
"in the world",32
"you have to",32
"for the follow",31
"one of my",31
"as well as",30
"i had a",30
"i love you",30
"part of the",30
"to have a",30
"have a great",29
"i wanted to",29
"let me know",29
"you want to",29
"if you are",28
"if you want",28
"is going to",28
"is one of",28
"to make it",28
"have to be",27
"i had to",27
"in order to",27
"we need to",27
"end of the",26
"most of the",26
"the rest of",26
"this is a",26
"i'm going to",25
"i have been",25
"in front of",25
"it would be",25
"i don't know",24
"i love the",24
"there is a",24
"there is no",24
"was going to",24
"at the end",23
"for the first",23
"to see the",23
"when i was",23
"you have a",23
"you need to",23
"are going to",22
"as much as",22
"i am not",22
"of the most",22
"the fact that",22
"a bit of",21
"a little bit",21
"do you have",21
"i thought i",21
"i will be",21
"if you have",21
"there was a",21
"wait to see",21
"what do you",21
"do you think",20
"i think i",20
"of the year",20
"the united states",20
"to be the",20
"but it was",19
"in the morning",19
"rest of the",19
"to do with",19
"to get a",19
"to go to",19
"want to be",19
"we have a",19
"what are you",19
"would love to",19
"for the rt",18
"i have no",18
"is the best",18
"need to get",18
"this is the",18
"can't wait for",17
"don't want to",17
"how are you",17
"i decided to",17
"i know i",17
"i wish i",17
"in the middle",17
"is not a",17
"it is a",17
"thanks for following",17
"that would be",17
"when it comes",17
"would like to",17
"a long time",16
"and i think",16
"be sure to",16
"i am so",16
"i feel like",16
"i think it",16
"in love with",16
"it has been",16
"it is not",16
"it will be",16
"of my favorite",16
"on my way",16
"so i can",16
"a great day",15
"a part of",15
"all the time",15
"and i have",15
"and it was",15
"as long as",15
"back to the",15
"for a while",15
"for me to",15
"had a great",15
"it comes to",15
"it was the",15
"know how to",15
"look forward to",15
"of the best",15
"one of those",15
"that i have",15
"the same time",15
"to make a",15
"to tell you",15
"you for the",15
"a few days",14
"all of the",14
"at a time",14
"check it out",14
"did you know",14
"have to go",14
"i can't wait",14
"in the end",14
"look at the",14
"more than a",14
"needs to be",14
"not going to",14
"thanks so much",14
"thought it was",14
"to see you",14
"up in the",14
"want to do",14
"a chance to",13
"and i am",13
"and it is",13
"go to the",13
"going to get",13
"i do not",13
"i hope you",13
"i think the",13
"i thought it",13
"i was going",13
"i was in",13
"if you don't",13
"im going to",13
"need to be",13
"so you can",13
"supposed to be",13
"that it is",13
"the beginning of",13
"the middle of",13
"the only one",13
"the same thing",13
"to do it",13
"up to the",13
"wish i could",13
"you have any",13
"you know that",13
"a good time",12
"and all the",12
"and i had",12
"and i will",12
"as a result",12
"at the same",12
"back in the",12
"be a good",12
"but i am",12
"come up with",12
"have a good",12
"have to say",12
"i am a",12
"i have had",12
"i know that",12
"i love it",12
"i went to",12
"in the first",12
"in the future",12
"in the same",12
"it to the",12
"make sure you",12
"might as well",12
"of the world",12
"that i had",12
"that it was",12
"the next day",12
"the number of",12
"time to get",12
"to get to",12
"was in the",12
"we have to",12
"what i do",12
"what i was",12
"when you are",12
"you can see",12
"a great time",11
"a result of",11
"all the way",11
"and i was",11
"and of course",11
"as soon as",11
"at the moment",11
"at the time",11
"at this point",11
"don't have to",11
"get out of",11
"getting ready to",11
"going to the",11
"has been a",11
"i think it's",11
"i wonder if",11
"i would be",11
"i would love",11
"if you do",11
"in my life",11
"in terms of",11
"in the us",11
"it should be",11
"just a few",11
"me know if",11
"on the way",11
"rt if you",11
"so much for",11
"so much fun",11
"that is not",11
"that is the",11
"the idea of",11
"the time to",11
"thought i was",11
"thought i would",11
"to be able",11
"to be in",11
"to get it",11
"to get some",11
"to say that",11
"to tell me",11
"want to get",11
"was able to",11
"was one of",11
"we had a",11
"will have to",11
"you can do",11
"you so much",11
"a few months",10
"be in the",10
"but it is",10
"by the way",10
"forward to seeing",10
"have to get",10
"how do you",10
"i am the",10
"i don't want",10
"i dont know",10
"i hate when",10
"i like the",10
"i need a",10
"if i had",10
"in the face",10
"in the house",10
"is a little",10
"it's been a",10
"it's going to",10
"know if you",10
"many of the",10
"of my life",10
"of the night",10
"reminds me of",10
"seems to be",10
"shout out to",10
"thanks for all",10
"that was a",10
"the back of",10
"the kind of",10
"the need to",10
"the only thing",10
"to be your",10
"to figure out",10
"to listen to",10
"to make sure",10
"to meet you",10
"to start the",10
"to talk to",10
"up on the",10
"was a great",10
"we have been",10
"what kind of",10
"with all the",10
"would be a",10
"you are a",10
"a few more",9
"a picture of",9
"and i don't",9
"and if you",9
"and will be",9
"but i think",9
"but there is",9
"couple of days",9
"do what i",9
"do you want",9
"don't know how",9
"down to the",9
"feel like i",9
"for the mention",9
"forward to the",9
"get back to",9
"happy new year",9
"has to be",9
"have to do",9
"hope you are",9
"i don't have",9
"i got a",9
"i had no",9
"i just got",9
"i know what",9
"i love her",9
"i miss you",9
"i should have",9
"i think i'm",9
"i think that",9
"i was a",9
"i would have",9
"in less than",9
"in the s",9
"is that the",9
"it's time to",9
"it is the",9
"it turned out",9
"it was an",9
"it was so",9
"look like a",9
"looks like a",9
"me in the",9
"members of the",9
"next to me",9
"no matter how",9
"not have to",9
"of all time",9
"of the house",9
"oh my god",9
"on the other",9
"out of my",9
"over and over",9
"people in the",9
"ready to go",9
"really want to",9
"seem to be",9
"side of the",9
"some of my",9
"thanks to the",9
"that i am",9
"the best of",9
"the top of",9
"the way to",9
"there is nothing",9
"this is not",9
"to do a",9
"to do the",9
"to get my",9
"to pick up",9
"to see a",9
"to talk about",9
"to the next",9
"to think about",9
"want to see",9
"we are in",9
"went to the",9
"which is why",9
"you are going",9
"you don't have",9
"you going to",9
"you know how",9
"you know what",9
"a beautiful day",8
"a great week",8
"a group of",8
"a number of",8
"a year ago",8
"all of it",8
"all of us",8
"and all that",8
"and have a",8
"and i are",8
"and i love",8
"and you can",8
"are you doing",8
"are you going",8
"as far as",8
"based on the",8
"because of the",8
"but i have",8
"by the time",8
"check out my",8
"check out the",8
"come out of",8
"congrats on the",8
"didnt want to",8
"do it for",8
"don't know why",8
"each of the",8
"for all of",8
"for all the",8
"for at least",8
"for some reason",8
"for the last",8
"for the next",8
"give it a",8
"give you a",8
"go to sleep",8
"half of the",8
"happy mothers day",8
"have you been",8
"he has a",8
"he is the",8
"hope to see",8
"i did not",8
"i didnt want",8
"i don't think",8
"i felt like",8
"i know it",8
"i love my",8
"i love your",8
"i want a",8
"i was able",8
"i would say",8
"in a while",8
"in the past",8
"is a good",8
"is the first",8
"is there a",8
"is trying to",8
"it can be",8
"it for the",8
"it has a",8
"it was all",8
"it was just",8
"me and my",8
"me on the",8
"my name is",8
"my way to",8
"not to be",8
"of the same",8
"on the radio",8
"part of my",8
"please let me",8
"take care of",8
"talking about the",8
"that have been",8
"that i can",8
"that you can",8
"the one who",8
"the other day",8
"the people who",8
"the power of",8
"the way i",8
"there are a",8
"there are many",8
"there was no",8
"there will be",8
"time it was",8
"to do this",8
"to find out",8
"to find the",8
"to me that",8
"to see what",8
"to take a",8
"to try and",8
"to use the",8
"up for the",8
"up to a",8
"wait for the",8
"was a good",8
"we all know",8
"we will be",8
"what is the",8
"whether or not",8
"which is a",8
"will be in",8
"will be the",8
"wish i was",8
"would have to",8
"you follow me",8
"you had a",8
"a great weekend",7
"a little more",7
"a look at",7
"a lot more",7
"a matter of",7
"a series of",7
"a time of",7
"a trip to",7
"a very good",7
"a way to",7
"all is well",7
"all over the",7
"am going to",7
"and i can",7
"and i feel",7
"and now i",7
"and that is",7
"and the other",7
"and there are",7
"and we are",7
"and when i",7
"any of the",7
"as you can",7
"at least i",7
"at some point",7
"away from the",7
"be on the",7
"be part of",7
"because i am",7
"because i have",7
"been able to",7
"but i will",7
"but now i",7
"can be a",7
"can do it",7
"don't forget to",7
"follow me please",7
"for a few",7
"for a new",7
"for a week",7
"for the rest",7
"get to the",7
"going back to",7
"going to see",7
"good to see",7
"great to see",7
"have to wait",7
"he was a",7
"how do i",7
"how much you",7
"i am going",7
"i can't believe",7
"i can do",7
"i didn't have",7
"i didn't know",7
"i don't get",7
"i dont think",7
"i got my",7
"i guess i",7
"i have the",7
"i just can't",7
"i just don't",7
"i know it's",7
"i like it",7
"i like to",7
"i tried to",7
"i was just",7
"i was there",7
"if i could",7
"if i was",7
"if you can't",7
"if you dont",7
"in honor of",7
"in my head",7
"in real life",7
"in the car",7
"in the city",7
"in the country",7
"in the day",7
"in the last",7
"in the room",7
"in your life",7
"instead of the",7
"is a very",7
"it does not",7
"it feels like",7
"it may be",7
"it on a",7
"it to be",7
"keep up the",7
"know that i",7
"know what i",7
"last time i",7
"looking at the",7
"lot of people",7
"make it a",7
"middle of the",7
"moment when you",7
"more of a",7
"much for the",7
"need to know",7
"need to see",7
"not sure if",7
"nothing to do",7
"of a sudden",7
"of all the",7
"of course i",7
"of course you",7
"of the new",7
"on my own",7
"on the right",7
"on the wall",7
"on top of",7
"one of their",7
"only a few",7
"out with a",7
"please follow me",7
"see you again",7
"so i have",7
"so many of",7
"so we can",7
"take a look",7
"talk to you",7
"tell you that",7
"that i would",7
"that if you",7
"that is a",7
"that kind of",7
"that was the",7
"the ability to",7
"the man who",7
"the most important",7
"the name of",7
"the opportunity to",7
"the time i",7
"the way you",7
"them in the",7
"these are the",7
"they are going",7
"they need to",7
"think about it",7
"think it is",7
"thinking about the",7
"this is one",7
"though it was",7
"to be on",7
"to check out",7
"to come to",7
"to do so",7
"to look at",7
"to see how",7
"to take it",7
"to take the",7
"up with a",7
"used to be",7
"version of the",7
"view of the",7
"was a little",7
"was trying to",7
"way to the",7
"we are all",7
"what are your",7
"what you think",7
"when i get",7
"when i got",7
"when they are",7
"when you get",7
"where are you",7
"will always be",7
"will give you",7
"will have a",7
"with a great",7
"would be great",7
"would have been",7
"you are not",7
"you are the",7
"you can get",7
"you don't want",7
"you get the",7
"you had to",7
"you know i",7
"you will be",7
"a bit more",6
"a brand new",6
"a bunch of",6
"a fan of",6
"a few hours",6
"a few years",6
"a glass of",6
"a good day",6
"a good thing",6
"a great deal",6
"a kind of",6
"a lot to",6
"a pair of",6
"a reason to",6
"a variety of",6
"able to find",6
"able to get",6
"according to the",6
"all of a",6
"all of these",6
"all of you",6
"along with the",6
"and a little",6
"and all of",6
"and i can't",6
"and lots of",6
"and not just",6
"and thank you",6
"and then the",6
"are a lot",6
"as one of",6
"at the very",6
"awkward moment when",6
"be the first",6
"because it was",6
"beginning of the",6
"blah blah blah",6
"but i know",6
"but i love",6
"but if you",6
"but in the",6
"but when i",6
"by the end",6
"can be used",6
"did you get",6
"do the same",6
"don't know what",6
"dont want to",6
"even if you",6
"even though i",6
"feel like a",6
"feeling like a",6
"first time in",6
"for a couple",6
"for all your",6
"for the best",6
"for the new",6
"for the support",6
"for you to",6
"front of the",6
"get on the",6
"get rid of",6
"go with the",6
"going to do",6
"going to have",6
"going to make",6
"had a blast",6
"had no idea",6
"had so much",6
"had to be",6
"happy birthday to",6
"have a lot",6
"have had the",6
"have no idea",6
"have so much",6
"have to admit",6
"he is a",6
"here are some",6
"here we go",6
"how did you",6
"how i feel",6
"how many people",6
"i'd love to",6
"i'm in the",6
"i'm pretty sure",6
"i am in",6
"i could get",6
"i didn't get",6
"i do have",6
"i don't care",6
"i don't understand",6
"i found myself",6
"i found out",6
"i get a",6
"i get my",6
"i get to",6
"i got the",6
"i got to",6
"i had been",6
"i have so",6
"i just want",6
"i know you",6
"i look forward",6
"i love how",6
"i made the",6
"i really want",6
"i see you",6
"i still have",6
"i think they",6
"i think we",6
"i think you",6
"i wake up",6
"i was so",6
"i was wondering",6
"i woke up",6
"if it is",6
"if it were",6
"if you need",6
"in a month",6
"in and out",6
"in fact i",6
"in fact the",6
"in new york",6
"in one of",6
"in the back",6
"in the united",6
"in the way",6
"is in the",6
"is that you",6
"is the same",6
"is why i",6
"it's time for",6
"it for a",6
"it was in",6
"it was not",6
"it was time",6
"just a little",6
"just going to",6
"just got a",6
"just had a",6
"just have to",6
"just want to",6
"like i said",6
"like i was",6
"like to see",6
"live in the",6
"looked at the",6
"looking for a",6
"looking for the",6
"lot of the",6
"made it to",6
"make it to",6
"me that i",6
"more and more",6
"most of us",6
"much as i",6
"need to do",6
"new york ny",6
"nice to meet",6
"no one is",6
"not so much",6
"now it is",6
"of course the",6
"of the first",6
"of the real",6
"of the season",6
"of what i",6
"of you have",6
"off to a",6
"on how to",6
"on my phone",6
"on the bus",6
"on the floor",6
"on the phone",6
"one of them",6
"osama bin laden",6
"out in the",6
"out of it",6
"people who are",6
"set up a",6
"should be a",6
"so i am",6
"so i could",6
"so much more",6
"so much that",6
"so that i",6
"some of them",6
"some of these",6
"some of you",6
"sounds like a",6
"stuck in my",6
"thanks for sharing",6
"thanks to all",6
"that's what i",6
"that i was",6
"that it would",6
"that she is",6
"that there is",6
"that they are",6
"that we have",6
"the bottom of",6
"the center of",6
"the day when",6
"the death of",6
"the face of",6
"the hell is",6
"the hunger games",6
"the life of",6
"the new year",6
"the night before",6
"the other hand",6
"the past years",6
"the person who",6
"the right thing",6
"the start of",6
"the whole thing",6
"the world and",6
"the world to",6
"there are some",6
"there is an",6
"this is my",6
"this kind of",6
"this week i",6
"time to go",6
"to a new",6
"to all of",6
"to all the",6
"to be an",6
"to be back",6
"to be that",6
"to create a",6
"to do that",6
"to get up",6
"to go back",6
"to go out",6
"to have you",6
"to live in",6
"to make an",6
"to make the",6
"to make them",6
"to pay for",6
"to say the",6
"to see my",6
"to the point",6
"to the top",6
"to the world",6
"to those who",6
"to watch the",6
"trying to get",6
"trying to make",6
"up and down",6
"up in a",6
"up with the",6
"want to know",6
"was a big",6
"we had to",6
"we want to",6
"what's your favorite",6
"what i want",6
"what it is",6
"what the hell",6
"when they were",6
"who you are",6
"why do i",6
"will be on",6
"will not be",6
"will you be",6
"with a little",6
"word of the",6
"working on it",6
"working on my",6
"yes yes yes",6
"you at the",6
"you can find",6
"you for your",6
"you go to",6
"you guys are",6
"you in the",6
"you like the",6
"you like to",6
"you may be",6
"you may have",6
"you need a",6
"a cup of",5
"a few times",5
"a friend to",5
"a good one",5
"a great way",5
"a link to",5
"a list of",5
"a little too",5
"a long way",5
"a new one",5
"a place to",5
"a sense of",5
"a time when",5
"a ton of",5
"about it and",5
"about it i",5
"all of this",5
"am i the",5
"and can be",5
"and decided to",5
"and had a",5
"and he was",5
"and i would",5
"and in my",5
"and some of",5
"and the whole",5
"and this is",5
"and want to",5
"and we had",5
"appears to be",5
"are able to",5
"are in the",5
"are looking for",5
"are some of",5
"are the best",5
"are you reading",5
"around the corner",5
"as part of",5
"as to why",5
"asked me to",5
"at the beginning",5
"be a bit",5
"be a great",5
"be hard to",5
"be the best",5
"before it gets",5
"better than the",5
"bit of a",5
"brought in the",5
"but he was",5
"but i'm not",5
"but i can",5
"but i do",5
"but i just",5
"but it's not",5
"but there was",5
"but this is",5
"came up with",5
"can i get",5
"come back to",5
"compared to the",5
"could be a",5
"couple of weeks",5
"cup of tea",5
"day of spring",5
"did you do",5
"do have a",5
"do not have",5
"don't care what",5
"dont need to",5
"during the day",5
"excited to see",5
"feel free to",5
"follow me back",5
"for a moment",5
"for me i",5
"for more information",5
"for my new",5
"for stopping by",5
"for the past",5
"for the upcoming",5
"for you and",5
"from the 's",5
"front of a",5
"gave me a",5
"get a free",5
"get ready for",5
"get to work",5
"give me a",5
"goal is to",5
"going on in",5
"going to a",5
"going to go",5
"good to be",5
"got to the",5
"great way to",5
"ha ha ha",5
"had a dream",5
"had a good",5
"had a really",5
"had to get",5
"hang out with",5
"hanging out with",5
"has a lot",5
"has always been",5
"has nothing to",5
"have a chance",5
"have a new",5
"have a very",5
"have always been",5
"have been a",5
"have decided to",5
"have something to",5
"have the best",5
"have to take",5
"have you seen",5
"he did not",5
"he has to",5
"his or her",5
"hope all is",5
"hope you had",5
"i'd like to",5
"i'm not a",5
"i'm working on",5
"i am feeling",5
"i am sure",5
"i believe in",5
"i can't stand",5
"i can be",5
"i can feel",5
"i can only",5
"i can tell",5
"i don't even",5
"i don't like",5
"i dont need",5
"i dont want",5
"i feel the",5
"i find myself",5
"i had my",5
"i had never",5
"i hate you",5
"i have learned",5
"i have never",5
"i have not",5
"i have some",5
"i hope to",5
"i just finished",5
"i just love",5
"i just saw",5
"i knew i",5
"i know the",5
"i like that",5
"i love him",5
"i love that",5
"i love to",5
"i might as",5
"i put my",5
"i realized i",5
"i saw the",5
"i tell you",5
"i the only",5
"i think about",5
"i was at",5
"i was getting",5
"i was thinking",5
"i will give",5
"if i can",5
"if there is",5
"if this is",5
"if you'd like",5
"if you ever",5
"if you haven't",5
"if you like",5
"im not sure",5
"in a few",5
"in a single",5
"in addition to",5
"in it for",5
"in it i",5
"in march and",5
"in my opinion",5
"in the air",5
"in the background",5
"in the rain",5
"in the right",5
"in the year",5
"is a great",5
"is having a",5
"is like the",5
"is more than",5
"is not the",5
"is supposed to",5
"is that a",5
"is the most",5
"is to be",5
"it's a great",5
"it's not that",5
"it and i",5
"it could be",5
"it in a",5
"it looks like",5
"it on the",5
"it was great",5
"it was like",5
"it was on",5
"it was pretty",5
"it was really",5
"know what the",5
"less than a",5
"like it was",5
"like that i",5
"love to see",5
"love you too",5
"make sure to",5
"makes me feel",5
"many of us",5
"may not be",5
"me and i",5
"me feel like",5
"me to make",5
"me to the",5
"meant to say",5
"more important than",5
"more than the",5
"much more than",5
"must have been",5
"name of the",5
"need to go",5
"next to the",5
"no idea what",5
"no matter what",5
"not sure what",5
"not the only",5
"of it i",5
"of new york",5
"of the earth",5
"of the month",5
"of the past",5
"of the things",5
"of the time",5
"of us are",5
"of you who",5
"off to the",5
"on april th",5
"on february th",5
"on in the",5
"on it and",5
"on my desk",5
"on my side",5
"on the same",5
"one or two",5
"only in the",5
"other than the",5
"out for the",5
"out to the",5
"over the years",5
"people who were",5
"r r r",5
"sad to see",5
"say that i",5
"see you there",5
"she has been",5
"should be able",5
"since it is",5
"so much better",5
"so much to",5
"so proud of",5
"some of us",5
"some of your",5
"something like this",5
"something to do",5
"son of god",5
"sort of a",5
"spread the word",5
"still in the",5
"still need to",5
"take a picture",5
"taking care of",5
"talk to him",5
"tell me i",5
"thank you all",5
"thank you so",5
"thank you to",5
"that can be",5
"that had been",5
"that he was",5
"that i do",5
"that i know",5
"that i want",5
"that may be",5
"that moment when",5
"that there are",5
"that there was",5
"that this is",5
"that when i",5
"that you are",5
"the answer is",5
"the department of",5
"the difference between",5
"the first place",5
"the good news",5
"the head of",5
"the lack of",5
"the last time",5
"the level of",5
"the next few",5
"the other side",5
"the past few",5
"the people of",5
"the purpose of",5
"the right to",5
"the same as",5
"the side of",5
"the smell of",5
"the story of",5
"the sword of",5
"the thing is",5
"the university of",5
"the wall street",5
"them in a",5
"there are no",5
"there is also",5
"there is one",5
"think about the",5
"think it was",5
"think they are",5
"this if you",5
"this is where",5
"this movie is",5
"this time it",5
"this week and",5
"this will be",5
"those of you",5
"to all my",5
"to be at",5
"to be good",5
"to be part",5
"to be so",5
"to be very",5
"to believe that",5
"to check the",5
"to come out",5
"to deal with",5
"to do is",5
"to do something",5
"to focus on",5
"to get more",5
"to get on",5
"to get your",5
"to have the",5
"to hear the",5
"to help you",5
"to learn to",5
"to let the",5
"to make my",5
"to me i",5
"to not be",5
"to participate in",5
"to put the",5
"to say i",5
"to see all",5
"to see if",5
"to see that",5
"to sign up",5
"to sleep in",5
"to some of",5
"to stay in",5
"to tell my",5
"to the hospital",5
"to the other",5
"to work on",5
"to work with",5
"to you and",5
"to you in",5
"today i am",5
"top of the",5
"try not to",5
"trying to find",5
"u have to",5
"up and coming",5
"up the good",5
"wall street journal",5
"want to play",5
"was great to",5
"was the first",5
"way to go",5
"we're going to",5
"we were in",5
"welcome to the",5
"what can i",5
"what happens when",5
"what he did",5
"what i think",5
"what to do",5
"when i see",5
"when we are",5
"where there is",5
"while i was",5
"why is it",5
"will be able",5
"will be there",5
"will need to",5
"wish i had",5
"with so many",5
"with the other",5
"with the world",5
"would be the",5
"would you like",5
"yeah i know",5
"you're going to",5
"you and me",5
"you and you",5
"you and your",5
"you as well",5
"you do not",5
"you like it",5
"you look at",5
"you look like",5
"you love me",5
"you to the",5
"you would like",5
"'s and 's",4
"a bad thing",4
"a bit and",4
"a copy of",4
"a few different",4
"a friend of",4
"a good book",4
"a good idea",4
"a good job",4
"a great thing",4
"a happy birthday",4
"a hard time",4
"a heart attack",4
"a little girl",4
"a member of",4
"a new song",4
"a really good",4
"a set of",4
"a social media",4
"a sort of",4
"a sucker for",4
"a total of",4
"a way of",4
"a while now",4
"a year old",4
"able to go",4
"able to make",4
"about how much",4
"about the new",4
"all have a",4
"all know that",4
"all of those",4
"all over again",4
"all sorts of",4
"all the things",4
"all you need",4
"along the way",4
"am not a",4
"am on the",4
"am pretty sure",4
"am so excited",4
"and a few",4
"and a half",4
"and easy to",4
"and for the",4
"and how they",4
"and i didn't",4
"and i dont",4
"and i got",4
"and i hope",4
"and i just",4
"and i know",4
"and i thought",4
"and im not",4
"and into the",4
"and it seems",4
"and it will",4
"and one of",4
"and out of",4
"and over again",4
"and ready to",4
"and thanks for",4
"and the first",4
"and the only",4
"and the people",4
"and we can",4
"and with a",4
"any of you",4
"anyone out there",4
"are gonna be",4
"are having a",4
"are likely to",4
"are people who",4
"are there any",4
"are we going",4
"are you ready",4
"are you still",4
"around the world",4
"as good as",4
"as i am",4
"as i was",4
"as they are",4
"as we walked",4
"at least that",4
"at the last",4
"at the school",4
"at this time",4
"back of a",4
"back of the",4
"back on the",4
"be a very",4
"be at the",4
"be happy to",4
"be thankful for",4
"be the most",4
"be the only",4
"be used for",4
"be used to",4
"because i didnt",4
"because i had",4
"because i know",4
"been a good",4
"been working on",4
"before i get",4
"best of luck",4
"best of the",4
"better way to",4
"both of them",4
"bring on the",4
"but at the",4
"but i'm still",4
"but i can't",4
"but i did",4
"but i dont",4
"but i guess",4
"but i still",4
"but i wanted",4
"but i was",4
"but if i",4
"but there are",4
"but this time",4
"but you know",4
"call it a",4
"can see that",4
"can you tell",4
"cant wait to",4
"card i made",4
"care of the",4
"catch up on",4
"caught up in",4
"chance to win",4
"check out our",4
"check them out",4
"come in for",4
"could have been",4
"cracks me up",4
"day but i",4
"day in the",4
"day of the",4
"day to all",4
"deal with the",4
"did you find",4
"do i have",4
"do it again",4
"do not know",4
"do u know",4
"do we have",4
"do you do",4
"do you know",4
"do you make",4
"do you need",4
"doing something right",4
"don't get it",4
"don't have a",4
"don't know if",4
"don't miss out",4
"don't think so",4
"done with the",4
"dont know what",4
"each other and",4
"end of this",4
"even though it",4
"every once in",4
"every time we",4
"excited to be",4
"familiar with the",4
"fear of the",4
"feels good to",4
"feels like a",4
"figure out how",4
"find out what",4
"first day of",4
"first time and",4
"first time i",4
"follow me on",4
"followed by the",4
"for a long",4
"for anyone who",4
"for following me",4
"for following us",4
"for more details",4
"for most of",4
"for myself i",4
"for people to",4
"for the future",4
"for the kind",4
"for the most",4
"for the shout",4
"for those of",4
"for us to",4
"found out that",4
"from the beginning",4
"get a new",4
"get to see",4
"get used to",4
"getting ready for",4
"glad to hear",4
"go ahead and",4
"go to a",4
"go to school",4
"going to keep",4
"going to tell",4
"good for you",4
"good luck with",4
"good to know",4
"got a lot",4
"got out of",4
"got to meet",4
"great deal of",4
"great to meet",4
"had a few",4
"had a lot",4
"had to do",4
"had to have",4
"happens to be",4
"has been the",4
"has had a",4
"has made a",4
"hate when people",4
"have a day",4
"have a happy",4
"have a heart",4
"have never been",4
"have the same",4
"have to pay",4
"have to worry",4
"have you ever",4
"having a great",4
"he has been",4
"he is not",4
"he said we",4
"he who eats",4
"heading to the",4
"here is a",4
"here is the",4
"here we are",4
"him in the",4
"hit up the",4
"hope you can",4
"how about a",4
"how about you",4
"how about your",4
"how can i",4
"how could i",4
"how much i",4
"how to do",4
"how to get",4
"i'll have to",4
"i'll see you",4
"i'm a sucker",4
"i'm glad i",4
"i'm not going",4
"i'm not sure",4
"i'm so happy",4
"i'm trying to",4
"i am also",4
"i am and",4
"i am certain",4
"i am doing",4
"i am pretty",4
"i am very",4
"i asked him",4
"i can't find",4
"i can't get",4
"i can see",4
"i could be",4
"i could do",4
"i could only",4
"i didnt know",4
"i do love",4
"i do that",4
"i do what",4
"i don't do",4
"i don't see",4
"i feel about",4
"i found it",4
"i get back",4
"i get it",4
"i go to",4
"i grew up",4
"i guess the",4
"i hate being",4
"i have always",4
"i have ever",4
"i have it",4
"i hear the",4
"i hope i",4
"i hope that",4
"i know but",4
"i know how",4
"i know we",4
"i live in",4
"i love being",4
"i love this",4
"i made it",4
"i must say",4
"i need it",4
"i plan on",4
"i really wanted",4
"i said i",4
"i saw a",4
"i see a",4
"i think its",4
"i think my",4
"i thought that",4
"i thought the",4
"i thought you",4
"i told her",4
"i used to",4
"i wanna go",4
"i was like",4
"i was looking",4
"i was not",4
"i was really",4
"i was surprised",4
"i was talking",4
"i will never",4
"i wish you",4
"i wonder how",4
"i would like",4
"i wouldn't be",4
"id like to",4
"if i didn't",4
"if i do",4
"if i don't",4
"if i get",4
"if i have",4
"if i were",4
"if it was",4
"if not the",4
"if we have",4
"if you can",4
"if you could",4
"if you find",4
"if you follow",4
"if you only",4
"if you will",4
"in a bad",4
"in a large",4
"in a moment",4
"in a row",4
"in a small",4
"in a very",4
"in a week",4
"in all the",4
"in both the",4
"in for a",4
"in just a",4
"in my face",4
"in my mind",4
"in my room",4
"in other words",4
"in san diego",4
"in the dark",4
"in the hospital",4
"in the mail",4
"in the market",4
"in the meantime",4
"in the national",4
"in the office",4
"in the region",4
"in the shower",4
"in the studio",4
"in the summer",4
"in the sun",4
"in the village",4
"in there and",4
"is a big",4
"is a bit",4
"is a lot",4
"is all about",4
"is also a",4
"is full of",4
"is going on",4
"is it a",4
"is it just",4
"is it that",4
"is just a",4
"is making me",4
"is not an",4
"is not only",4
"is now a",4
"is part of",4
"is so much",4
"is still a",4
"is such a",4
"is that it",4
"is that they",4
"is the only",4
"is the worst",4
"it's not like",4
"it's not the",4
"it a few",4
"it all the",4
"it and then",4
"it for you",4
"it i can",4
"it is also",4
"it is an",4
"it is and",4
"it is for",4
"it is i",4
"it is more",4
"it is possible",4
"it is so",4
"it is time",4
"it just me",4
"it makes me",4
"it means to",4
"it might be",4
"it needs to",4
"it seems like",4
"it took me",4
"it turns out",4
"it up and",4
"it was going",4
"it was one",4
"it was to",4
"it with a",4
"its been a",4
"join us at",4
"just as i",4
"just had to",4
"keep it up",4
"keep up with",4
"keep you posted",4
"kind of a",4
"know how i",4
"know what a",4
"know what you",4
"know where to",4
"lack of a",4
"last day of",4
"last night and",4
"learn how to",4
"learn more about",4
"leave a comment",4
"let go of",4
"let you know",4
"life is good",4
"like i am",4
"like to be",4
"likely to be",4
"listen to the",4
"little bit of",4
"live up to",4
"long as you",4
"look for a",4
"looks like the",4
"lot of money",4
"love you and",4
"love you so",4
"love your music",4
"make it this",4
"making me feel",4
"many of you",4
"may be a",4
"may be the",4
"may have to",4
"may want to",4
"maybe i should",4
"me for a",4
"me it was",4
"me out of",4
"me to get",4
"means a lot",4
"member of the",4
"might have to",4
"might not be",4
"miss you too",4
"more about the",4
"more of the",4
"more than i",4
"more than one",4
"much better than",4
"my best friend",4
"my love for",4
"my new followers",4
"my version of",4
"my way home",4
"need to find",4
"need to make",4
"never going to",4
"never have to",4
"new york city",4
"no no no",4
"no reason to",4
"none of these",4
"not at all",4
"not in the",4
"not just a",4
"not quite sure",4
"not the same",4
"not want to",4
"now i have",4
"now that i",4
"of a new",4
"of course we",4
"of it in",4
"of it is",4
"of love and",4
"of my childhood",4
"of one of",4
"of people who",4
"of the car",4
"of the family",4
"of the few",4
"of the film",4
"of the game",4
"of the lucky",4
"of the movie",4
"of the novel",4
"of the people",4
"of the public",4
"of the room",4
"of the situation",4
"of the story",4
"of the top",4
"of the two",4
"of the us",4
"of the week",4
"of weeks ago",4
"on my blog",4
"on right now",4
"on the back",4
"on the couch",4
"on the left",4
"on the planet",4
"on the side",4
"once in a",4
"one of her",4
"one of our",4
"one of these",4
"one thing i",4
"one thing that",4
"only one who",4
"only thing i",4
"only thing that",4
"out at the",4
"out of bed",4
"out of town",4
"out on a",4
"out on the",4
"out that i",4
"out the door",4
"out to be",4
"out to my",4
"outside of the",4
"over the next",4
"over the past",4
"over to her",4
"part of a",4
"part of our",4
"pick up a",4
"place in the",4
"point of view",4
"quite the opposite",4
"ready for a",4
"ready for some",4
"really have a",4
"rt this if",4
"run out of",4
"said he was",4
"said in a",4
"said it was",4
"say the least",4
"see all the",4
"see the avengers",4
"see what happens",4
"see you at",4
"see you in",4
"seem like a",4
"seemed to have",4
"seems to have",4
"send me your",4
"she is a",4
"sides of the",4
"sign up for",4
"since i have",4
"so do i",4
"so excited to",4
"so hard to",4
"so i just",4
"so i thought",4
"so let me",4
"so much as",4
"some sort of",4
"something about the",4
"sorry to hear",4
"start with the",4
"stop thinking about",4
"such a good",4
"sure what to",4
"talking to him",4
"tell me the",4
"th and th",4
"than i thought",4
"thank you very",4
"thanks to a",4
"thanks to you",4
"that could be",4
"that he is",4
"that i'm not",4
"that i could",4
"that i feel",4
"that i get",4
"that i love",4
"that i will",4
"that in the",4
"that is what",4
"that it has",4
"that it will",4
"that one person",4
"that so many",4
"that they were",4
"that was in",4
"that we do",4
"that we were",4
"that would have",4
"the 's and",4
"the age of",4
"the best in",4
"the best part",4
"the best place",4
"the best thing",4
"the book is",4
"the chance to",4
"the city of",4
"the day before",4
"the doctors office",4
"the end i",4
"the exact same",4
"the first round",4
"the first to",4
"the gift of",4
"the good work",4
"the grocery store",4
"the house and",4
"the importance of",4
"the key to",4
"the last years",4
"the list goes",4
"the night with",4
"the one that",4
"the ones you",4
"the point of",4
"the power to",4
"the quality of",4
"the rain is",4
"the reason i",4
"the s and",4
"the second time",4
"the size of",4
"the so called",4
"the state of",4
"the super bowl",4
"the th anniversary",4
"the things that",4
"the title of",4
"the truth of",4
"the type of",4
"the value of",4
"the water and",4
"the weather is",4
"the world of",4
"the world you",4
"then you can",4
"there are only",4
"there are people",4
"there were a",4
"they are so",4
"they are the",4
"they should be",4
"they want to",4
"they will be",4
"thing in the",4
"thing is that",4
"think of the",4
"think that was",4
"this has been",4
"this is also",4
"this is an",4
"this part of",4
"this time of",4
"this was not",4
"this week is",4
"this year i",4
"those who have",4
"thought he was",4
"time and the",4
"time at the",4
"time in the",4
"time of the",4
"time of year",4
"to all who",4
"to an end",4
"to be all",4
"to be doing",4
"to be done",4
"to be here",4
"to be honest",4
"to be more",4
"to buy it",4
"to catch up",4
"to connect with",4
"to do what",4
"to enter the",4
"to follow the",4
"to get his",4
"to get into",4
"to get me",4
"to get out",4
"to get there",4
"to get you",4
"to give the",4
"to go the",4
"to have an",4
"to him and",4
"to hit the",4
"to look for",4
"to one of",4
"to play with",4
"to remember that",4
"to remove the",4
"to say to",4
"to see it",4
"to see this",4
"to share the",4
"to share with",4
"to show you",4
"to take care",4
"to take my",4
"to tell the",4
"to the doctors",4
"to the end",4
"to the house",4
"to the left",4
"to the movies",4
"to the pan",4
"to the state",4
"to this day",4
"to try to",4
"to understand how",4
"to understand the",4
"to use a",4
"to wait for",4
"to work for",4
"to worry about",4
"today and i",4
"today is the",4
"together in a",4
"too late to",4
"turns out i",4
"u have a",4
"universe is the",4
"until it is",4
"up at night",4
"up at the",4
"up for a",4
"up on a",4
"up to this",4
"used to the",4
"wanna go to",4
"want me to",4
"want to go",4
"want to learn",4
"want to make",4
"wanted to do",4
"was a bit",4
"was at the",4
"was looking at",4
"was on a",4
"was the best",4
"was the most",4
"was time to",4
"was what i",4
"way to get",4
"way you are",4
"we are not",4
"we can do",4
"we decided to",4
"we do not",4
"we get to",4
"we miss you",4
"we saw a",4
"we should be",4
"we went to",4
"well as a",4
"well as the",4
"were a little",4
"were able to",4
"were going to",4
"were in the",4
"what did i",4
"what i can",4
"what i thought",4
"what is this",4
"what it means",4
"what to expect",4
"what would you",4
"what you have",4
"what you want",4
"when are you",4
"when do you",4
"when he was",4
"when i have",4
"when i need",4
"when it is",4
"where have you",4
"where is the",4
"where they are",4
"who had a",4
"who is the",4
"who wants to",4
"who we are",4
"who would be",4
"why am i",4
"why are we",4
"why are you",4
"why would i",4
"will be a",4
"will get you",4
"will no longer",4
"will there be",4
"winner of the",4
"wish me luck",4
"with it the",4
"with the kids",4
"with the new",4
"working on a",4
"working on some",4
"working on the",4
"would be more",4
"you again soon",4
"you all for",4
"you are in",4
"you are well",4
"you become a",4
"you can also",4
"you can have",4
"you can make",4
"you can tell",4
"you could be",4
"you do to",4
"you don't know",4
"you don't like",4
"you dont know",4
"you get a",4
"you have never",4
"you have no",4
"you in a",4
"you make a",4
"you should have",4
"you think about",4
"you to be",4
"you want a",4
"you will find",4
"you will see",4
"you would have",4
"you you are",4
"youd like to",4
"your email address",4
"your way to",4
